,car_id,target_class
0,P17494612l,46.788483
1,N-1530212S,33.87688
2,B-1154399t,33.257664
3,F12725233R,33.962933
4,l-1139189J,31.863522
5,U75286923j,47.28947
6,T-7479831o,32.972298
7,B-1369793u,31.23445
8,Y-1289786X,59.992664
9,C29045893T,33.368217
10,v-1730983R,33.40377
11,I20727212Q,50.490925
12,p48812438h,49.460255
13,T-2633971l,45.21019
14,V-9683916q,50.584213
15,P68488505Z,34.53935
16,W23907639f,75.85471
17,A22674788w,32.183376
18,y-1252277z,44.675076
19,u21168983D,42.401108
20,x12753662A,44.820248
21,v-7435255a,42.217247
22,E12421362P,35.852676
23,J35738918W,31.120922
24,T16973122B,46.824596
25,p-5671458M,52.293354
26,I68086031c,65.83329
27,D69722395r,52.023205
28,X10967418c,71.15496
29,q-1489273f,43.015743
30,C-1903701S,68.11925
31,r11820515d,38.343052
32,x12397432S,37.970436
33,Q50389908q,58.43829
34,B18597537S,33.331093
35,S-9537522o,70.53274
36,a10623296X,44.480026
37,R28123139u,38.475765
38,h-1451730v,34.23395
39,d-1257449w,36.467648
40,N11419190t,33.10142
41,k63904133P,72.8627
42,J92413639E,37.78385
43,b-3875784F,71.38516
44,f15183722K,30.850422
45,c-1874297z,74.66639
46,E16971328N,45.02878
47,H18110876A,71.854454
48,P-1301418D,49.66748
49,b-9697936F,30.881931
50,H-4258275m,33.575768
51,H10655858l,31.621834
52,w-1481290E,36.68224
53,C40885722w,31.530155
54,f15625319Q,50.924397
55,B42019578p,45.78521
56,T65731704H,48.311794
57,e30424190o,68.336464
58,w-1081221i,46.86595
59,E48110445u,29.91859
60,u73256394H,52.098305
61,m17237645h,35.31589
62,q-1403429B,65.26908
63,E-1889080W,49.5798
64,b-1781291I,49.00555
65,P77959737c,47.02345
66,h17474551u,70.845924
67,d17705773B,70.1564
68,s-2080909j,52.533165
69,N18448941g,30.408146
70,P17953716g,46.612453
71,i94781425U,44.744358
72,L-2155385D,55.591522
73,Q21449479D,32.016445
74,z-1790906x,48.978676
75,C-4338027c,72.92094
76,F13621020y,34.2434
77,P-1981563m,73.734085
78,B20284663C,73.57307
79,X-5672837D,33.333412
80,f-8313064a,32.154858
81,S16867324D,46.924675
82,l81011564d,55.90597
83,T-7878324V,33.353382
84,X49290901c,33.382637
85,N15373595s,48.48082
86,g-1912309G,31.631376
87,G23848056z,44.6753
88,w-3530598y,32.904606
89,s-4092655x,74.78986
90,v60921451s,40.89049
91,A-5309696c,69.11702
92,a21437857o,32.19145
93,r-2049651S,40.766205
94,c48174687o,72.61847
95,n57986901A,41.398605
96,J43552505w,29.879864
97,X69815445k,52.73962
98,Y31463755z,42.67726
99,C-1846243L,33.533672
100,z10378875g,35.159527
101,B-1843237q,33.040245
102,I-8201538D,31.084793
103,k-7853395L,53.868515
104,H-3154020d,42.011036
105,v11532085a,38.91538
106,o-1004837T,44.927013
107,E15850759P,73.162445
108,S11046237d,31.979395
109,i19615927E,33.193783
110,h24674210l,34.10754
111,j-1003273K,71.24407
112,i18120580r,42.24419
113,t35781257E,47.398113
114,S-7977049s,46.113514
115,H10411834F,43.477615
116,o29701218V,33.965637
117,E-1304820y,32.2442
118,V56226787D,35.876728
119,I-9571675o,31.359898
120,a-1832317K,33.132492
121,H-9271579x,48.746086
122,H15689477U,73.50523
123,J-8699353u,48.005215
124,S-6497022N,32.540962
125,g11521087z,44.549015
126,Q-1114187O,33.734867
127,a-1510716r,31.563543
128,G12673775u,69.97094
129,V-1604890W,34.347954
130,o-8858693p,31.835821
131,F84870593a,36.927994
132,j17532274g,49.497353
133,l-1283385g,35.094444
134,s-2062095H,35.178463
135,X13157100E,33.738777
136,h-2273764e,48.035496
137,B-2140476J,44.45532
138,p-8263041e,37.73372
139,Y-1681893d,56.618538
140,w-1017091K,31.77325
141,M-1236720D,43.31591
142,I-7194770x,29.946018
143,m13987388S,41.442898
144,w17315089Z,46.67177
145,f-1380237E,36.379032
146,P10499796W,41.019424
147,l-1844181l,52.668568
148,g13957568L,50.80609
149,R-5598576l,44.8992
150,n59321309Q,33.815945
151,R-1193631X,32.155502
152,y-2178923H,30.539162
153,m73284992F,36.61822
154,Z-2537370X,71.98954
155,t17276860j,48.84463
156,y33047270r,33.425133
157,b-9079908N,67.85512
158,q92579907V,45.171898
159,Z94669875T,45.97002
160,M86375856k,55.328594
161,c23067621B,30.2401
162,L-1838617u,45.277912
163,s-1063517N,30.684917
164,x-1172003m,76.06039
165,Q10654514V,38.822353
166,A-3425095J,39.947548
167,F-1854480x,48.166477
168,C-1953190j,31.120972
169,l41267361i,47.141678
170,N90091958O,44.422184
171,z20306091J,43.60518
172,F94970727I,50.75016
173,M14830267a,42.165157
174,i-1101173g,38.40241
175,l-7821340d,46.775253
176,I18827052n,34.85805
177,Z14111948t,40.856842
178,T17415608q,73.22088
179,R-1068057n,32.206062
180,K-8915465U,29.255314
181,f-2804472s,44.834274
182,v-1578970y,46.56047
183,Q14003835G,48.43482
184,W14646068A,68.15389
185,o-1593719v,40.566135
186,C-4941408C,49.97455
187,x-9374675c,45.402584
188,l12294446D,70.40612
189,p15777006h,31.45634
190,w-8656872Z,55.66187
191,D66928361D,40.079414
192,p-3553707D,36.754776
193,M10807027o,33.99486
194,g12484323a,34.540462
195,Z-8212382G,57.995926
196,u79013135M,38.30906
197,m28011734J,37.9182
198,C-2143786U,44.091343
199,x-2141235A,30.944477
200,b44994738S,40.169975
201,J44930122W,35.11766
202,g32852591N,63.78441
203,G85830221c,43.49974
204,D10434254T,51.200855
205,R-1143403S,34.396347
206,N18887406C,30.5057
207,v14387491a,46.08477
208,a87403235S,44.910465
209,I-1075712g,74.38635
210,N-1087986g,72.27918
211,y-6871732c,43.506283
212,A96730234u,40.729298
213,a22064292L,62.55146
214,j-1774967Z,51.986507
215,T83338145S,48.587288
216,i21617445N,55.939934
217,p-1641833m,32.245113
218,z14656246B,50.73249
219,G-1211626R,75.48582
220,X12788823V,74.529434
221,c-1552425b,35.360985
222,w-2122585e,32.496464
223,x11964154C,31.195179
224,t20645918R,53.243244
225,z13283849d,32.72854
226,h11730518w,45.959778
227,G19948827y,58.31899
228,r43274910O,32.50241
229,e-9096071i,34.081615
230,d-8576748Q,35.216137
231,z91796444U,34.0392
232,F12654866z,46.171227
233,w-1757702F,73.720985
234,b-1234099Q,49.9595
235,v21855739r,32.304443
236,W-5904057t,33.64195
237,e-9386234g,68.55298
238,Q42074100L,35.78828
239,g-4536331j,47.30254
240,o65053979S,30.792019
241,F-4400642b,33.78411
242,X-2198546w,31.64978
243,c11345351C,64.76001
244,M-4222158J,31.654526
245,t-8913790b,33.26164
246,h-1723876L,50.035587
247,b11565616J,34.82947
248,s-1143093p,39.652897
249,F-1742867J,45.639923
250,H-1333142D,43.807995
251,h-2832462V,51.33838
252,n46152009j,32.107815
253,A41423630m,74.12325
254,w23811317g,33.445766
255,v-3129503S,46.676468
256,V-2109665o,36.38054
257,i10002840y,32.80272
258,A12420027c,72.79383
259,Q-1710310B,43.30268
260,k-5059454A,42.236877
261,P78941617w,52.44186
262,X84104929Z,61.3863
263,O-5258966R,35.195435
264,W23785130R,68.00105
265,k64987032M,28.946907
266,r-1560829H,43.97392
267,O-1114284b,48.886494
268,I-2189520Y,54.615856
269,z73740510r,34.212337
270,F-5963184s,32.412853
271,F93749838u,34.504524
272,d13287541C,31.206087
273,n12600427T,43.003365
274,R22962581A,50.94753
275,m14976299n,55.1605
276,K25148748I,47.117554
277,F17991047v,32.455368
278,U10000525B,55.598248
279,L-5185142t,40.555454
280,E22476230A,49.81869
281,y-1918667p,40.973747
282,m-8421500s,67.68435
283,i-6826693r,35.212975
284,Q-6236402F,33.50798
285,H13796940X,49.52334
286,b12824965u,44.633945
287,f25057132A,39.878307
288,q12615606N,48.97346
289,N-2546914l,72.84296
290,A-9042233M,51.0073
291,b28088953J,31.906282
292,y12090800r,33.193047
293,m-3254742y,43.56933
294,T11166103f,62.948845
295,B-1904262o,58.834736
296,d-1638909M,48.762478
297,P20002659z,37.680115
298,O21101068n,72.271835
299,I-2609382N,37.511852
300,M18031243d,32.72849
301,V81901707h,31.716667
302,H-1873611C,34.824707
303,I-4335350O,31.39794
304,a-6685201O,35.33558
305,S68517794A,45.720707
306,a-5655175l,34.03013
307,v16259071w,46.370308
308,y21090823R,48.30176
309,V16991777n,41.790665
310,E-4001328d,40.54342
311,o-3515102Q,31.193096
312,j49593847v,40.824047
313,m-1140624S,33.09518
314,I96780719P,53.517216
315,W16150857p,46.589138
316,p10336196A,33.345715
317,F-1966393f,35.07883
318,R-5073928i,47.036594
319,i-6078322g,49.53747
320,R-1797279a,46.944344
321,v-1632640v,50.809357
322,b44358202J,69.35991
323,v21606356V,43.439663
324,a89412563P,32.777977
325,C14874883N,58.21309
326,j-2557842j,50.125248
327,s-8312774q,31.4717
328,Q83650998M,34.684753
329,v-1742723N,52.92103
330,S15039720Y,50.053123
331,X-1387510G,42.65185
332,H-2809672w,35.168674
333,O16507727j,43.35424
334,I-6505525c,53.50771
335,E16516360g,44.883522
336,r-3744124X,42.543972
337,E-1660926L,31.475521
338,W41114899Y,41.39257
339,J-1224401g,31.013407
340,z-4990028V,41.619972
341,S17802902i,51.563198
342,r-5223681u,36.95975
343,y40186666v,30.812548
344,X-7894537e,48.371235
345,n18141460t,47.090908
346,T-1846242d,50.36349
347,l19641602B,33.87344
348,Q20350184W,50.814743
349,u19545404h,49.497643
350,i-2125059a,30.786983
351,u20670898G,49.697166
352,E13629887e,57.748413
353,j-8833751a,47.214657
354,l-1270744J,34.767513
355,a-1444445A,49.25469
356,F13923646T,38.17338
357,W15387724h,40.053314
358,e10833227Z,72.57623
359,O18707780M,32.131084
360,s-1070927u,33.527912
361,f13961290o,50.399197
362,I-2258340t,71.12665
363,Y-1108881y,43.083878
364,C-2407162B,40.443863
365,k-1021806U,38.68703
366,B58815481j,32.960052
367,Z-1497483y,60.30019
368,m-2038148P,42.854347
369,W20323505Z,71.809814
370,h18172982Y,48.431458
371,C-5107111N,35.245495
372,T11570167i,33.251453
373,E-2189846g,36.565804
374,J-9051627R,50.76616
375,k-1266231T,69.08855
376,e-4843883N,40.911873
377,V19603857b,37.38174
378,a10075304B,76.469055
379,j20806666W,74.268295
380,p13183205N,31.414545
381,F-1408164F,48.950375
382,f16848135A,47.093266
383,m18276402k,50.884277
384,O-4852964p,53.28658
385,p-1032774f,31.991016
386,K-2141030h,31.600065
387,x33340734F,54.12303
388,A-5539031E,72.679665
389,K-2121488X,31.637693
390,S-2104296W,49.35314
391,V-4730687q,33.922573
392,m-1018494E,52.45157
393,f12953922O,32.53955
394,a15606967c,48.683697
395,T-2050577H,31.323803
396,l21058873t,31.449377
397,S54991647N,34.499886
398,O-1778305H,62.91546
399,r-9019459m,50.332756
400,J-1701327Z,31.656902
401,W-1085488J,47.21669
402,H29930196K,31.90699
403,t17442755k,45.791172
404,N16782443w,34.076347
405,G83616598P,65.33631
406,q-7529997V,30.982502
407,m-2601611a,51.20755
408,r69432919t,33.02794
409,J85546174E,44.979626
410,F-1506247r,35.387787
411,Y21723655j,43.29575
412,Q15261602W,44.795055
413,M11261740O,45.91777
414,K50534665N,39.52527
415,Y-1015822T,52.96424
416,z-9596926C,61.862335
417,T-8671431r,30.892418
418,R-2077630y,48.001778
419,I96387228J,33.85122
420,z-9815533M,44.574673
421,I15837837J,50.716305
422,P56763603O,33.38977
423,h-1396839K,33.280598
424,r-1477676H,31.93456
425,U42030492Z,33.218952
426,h64108495H,30.824745
427,l-8882948y,31.577635
428,n-8099641m,34.385918
429,f-1164209J,47.34803
430,g-2072833K,32.59254
431,R10631147V,34.17543
432,d-1627526q,71.71682
433,k-2116384m,54.29808
434,y12532736D,44.404655
435,S18268647a,33.73397
436,D-1193769d,29.80162
437,z49508882q,34.531517
438,l13511253d,34.821716
439,y11003726G,30.278553
440,S55044905B,71.261986
441,q-1419523q,74.53476
442,i12167734p,61.190098
443,n18966581A,36.176403
444,s-2225812u,41.331406
445,g99706283N,34.328827
446,k-8065294L,42.65645
447,D-3731198o,48.218708
448,R-1511509a,43.937008
449,W-1152410B,44.600613
450,A-6746020J,50.363186
451,i62564137B,61.367706
452,V81342356X,39.976162
453,m70884293y,51.226185
454,T-1440241N,32.24064
455,J16760665u,31.542267
456,B30016393c,39.59744
457,n10206436k,42.29534
458,y15691728a,32.237106
459,j-1923026R,34.268833
460,p-2070685P,51.60524
461,e22835001P,32.66349
462,f-2044867Y,33.981953
463,Q-1914888q,40.372955
464,h-2696405T,41.209583
465,G-1153171e,39.364445
466,n-1502387M,53.729736
467,y40441306G,30.58553
468,B22246797F,59.027203
469,s14991094w,38.926888
470,a-1190397Y,34.851276
471,i11542071C,54.983997
472,l-2588047U,52.008
473,Q16201384v,37.821568
474,w-7781882Z,32.85783
475,s77766899D,43.302322
476,z-1503313M,32.34664
477,l52568818B,42.54066
478,v-1508530W,57.204975
479,m13083528W,31.910248
480,z-1243195L,32.243675
481,b18857695O,44.476646
482,v-1905656K,48.97628
483,P-6659279q,42.891014
484,h13431746I,44.040714
485,I71388786G,34.154312
486,R-1701492N,52.655373
487,y78999678J,60.425594
488,a-1426275y,52.594788
489,L84463953R,41.11706
490,Z-2128621C,33.239
491,M18466047W,45.2809
492,g21645452f,41.468338
493,o-1663812b,34.87367
494,Q-1984603t,39.59118
495,q23501901h,47.291367
496,d-5544396q,30.885017
497,s-7084701f,52.508297
498,g10084745U,34.226955
499,D-9891385q,53.77704
500,D11776354f,42.84596
501,B18579200J,34.692413
502,X73810314E,30.895123
503,s-2223156w,47.08265
504,D82568273x,32.28009
505,k-1107234s,39.171394
506,T-1805505r,66.5029
507,u-5015974t,47.489765
508,t-8201245H,31.295874
509,X24084222O,42.85771
510,K-1916013Q,31.84425
511,J10576054I,48.516647
512,g21476323Y,52.531445
513,J22595982W,30.944897
514,d15745111A,46.311314
515,V20296571Z,31.201935
516,t78589983m,42.41131
517,R-6055154h,35.5472
518,o-5397363T,59.772217
519,y-1784222v,34.89102
520,S-1513382W,45.009113
521,g-5563252F,43.963696
522,a-1166334r,46.329662
523,Y21096922W,35.810753
524,s10535398K,30.674202
525,Z-5188222t,38.34203
526,T22900577z,46.38887
527,i10344980A,68.22686
528,X-2263190K,30.845062
529,a-2111343W,45.30054
530,k-1183222H,32.27359
531,x42906942Y,31.009636
532,m16863308b,43.658165
533,Z10247738u,37.864563
534,i12798082E,31.995556
535,C91514695x,52.305588
536,h61870657i,44.93658
537,C-8768079q,31.796265
538,O-7894514e,61.83202
539,Z-1926882U,42.88164
540,N-3121550V,56.40878
541,z-1254537O,36.682407
542,u-1514787e,33.26535
543,n-4360079R,44.35364
544,O-2113046Z,46.567997
545,d13819532H,33.590054
546,d54261887d,33.85451
547,P-2048739B,32.181744
548,f-1825133R,32.56317
549,q-9928373B,31.39698
550,S29542128Q,66.81945
551,J-1782910O,43.77042
552,t17410389g,68.60601
553,Z17995139Z,51.975
554,Z11671085y,45.51137
555,D-7723622B,46.95974
556,N-1539010p,43.633793
557,u54154743P,50.337013
558,j16845365O,37.52385
559,k-1171716I,32.43979
560,G81601770L,31.34067
561,K-3529763Q,32.20123
562,b-1404013d,31.887571
563,O-1398534Y,32.021908
564,l69679835h,40.894943
565,G14568186a,55.006134
566,a-9442555A,41.73645
567,G-1689492g,33.339058
568,W12690163c,34.304474
569,l17843143j,32.79587
570,Z76981204Y,33.325512
571,b16524531u,45.80489
572,P83526152o,41.60814
573,z-4612131R,32.762318
574,s50463458T,32.885994
575,u12928592s,30.33502
576,U-1897169L,73.58456
577,j-1549044A,60.876755
578,Q87875664U,71.30466
579,q13885185m,30.034966
580,C16715520C,30.788101
581,T-1727751h,55.229885
582,m27082215N,32.214104
583,e-8788520s,33.43147
584,v36899226P,38.642914
585,Y-2254716H,47.1555
586,D-3425990U,34.728996
587,b-1050475p,48.263454
588,w-1941558Q,48.36147
589,d-1134540I,45.944553
590,K30520180u,33.664005
591,q71640430n,34.02686
592,y10948537e,31.020401
593,a16152476X,31.360992
594,F-7462902B,44.073704
595,t-3967937s,41.97759
596,o-1118236T,31.407166
597,g-1760425A,38.900818
598,b-5227653R,48.63389
599,h-7408890w,32.630856
600,K70391511e,35.810825
601,V13438854p,30.258293
602,g-1740147b,32.476
603,J-1324072f,66.665855
604,g53382924v,47.083794
605,x33005281c,32.09286
606,e24148786o,42.891388
607,I-1503695V,50.626778
608,E58388206y,49.124306
609,y13484815Y,67.64423
610,R-2027359R,35.76639
611,Z17729553x,38.306602
612,H-1512213s,33.795288
613,V-1552956h,42.872
614,H15345413o,33.454144
615,w17370680J,32.25442
616,J15476551r,61.01694
617,c-2250495g,35.349457
618,Z17599412A,42.61674
619,v57643253w,43.199036
620,V-5494479D,52.30572
621,g-1126074r,33.63138
622,Z80579540o,38.214996
623,c-7272329q,30.83637
624,z21450941n,31.879478
625,k-2034944s,46.07201
626,B-1760099A,45.72436
627,a61936474Y,32.833374
628,k86159975d,34.47611
629,A10692422a,32.974472
630,r11362699a,31.819584
631,B-5479705C,69.02358
632,I98930031r,31.379635
633,Z-1084098i,33.32395
634,b55045663j,37.86433
635,h10096493s,33.105885
636,n13675758u,60.364082
637,v-1469151Y,33.172268
638,R21100020a,30.725266
639,H-1226800z,32.26483
640,l13980749p,57.410694
641,D-1518430R,75.22006
642,h13825532e,57.571106
643,Q18803510e,32.337547
644,w69467024a,30.808067
645,a16149566K,49.356346
646,R10923215L,34.18816
647,H15481815Q,33.18715
648,C-5040526N,48.204323
649,m-2182440Q,32.924698
650,P-4006382C,38.764442
651,Y-2235574M,51.243034
652,H-1070903M,33.626034
653,w16163650F,55.395893
654,I21674635Q,31.97535
655,Q-4587219M,32.044285
656,N10540578u,45.851612
657,w-9916167W,40.71723
658,g-1742741c,31.768959
659,n-1575803E,44.9275
660,N31059484x,65.95794
661,H-1342764P,30.909454
662,X58767632q,32.094025
663,S20355997J,46.688725
664,q30806358i,57.695118
665,W-1775855Q,56.767006
666,j92079780S,34.577854
667,f63189062N,30.890987
668,x-1205366S,38.907055
669,H-1902314v,34.00807
670,f10226409O,31.887468
671,Q-4235244W,32.588757
672,P-1715787u,39.85448
673,x-1532496K,35.23179
674,s-1076835x,33.78252
675,m76785981z,53.00353
676,u-3215458S,36.036903
677,H-1919071i,67.85896
678,p-1139197T,31.278069
679,R95310344Y,48.6852
680,e22646530u,48.590965
681,o49311084b,31.017284
682,x99598782E,33.1481
683,Q-8465743r,49.664272
684,K13600113i,33.513847
685,x55379265k,31.468172
686,F-1518753o,40.466312
687,e-2020384H,45.739376
688,n-4605215n,45.33757
689,q-4584627S,71.63818
690,O78712164p,33.306847
691,j-1598707G,52.28383
692,d-1282472g,62.025524
693,h-2287342p,33.7071
694,s-7266626x,41.466118
695,z-2843006O,32.206707
696,m21557315K,33.709293
697,j18870600U,44.265
698,H-7836096t,32.713646
699,k19151173f,49.165985
700,g-1280182Z,42.63886
701,d-6211776r,33.405132
702,u-1590555V,50.827988
703,c-1204255L,34.873604
704,f-8810014g,32.5639
705,S11009197l,31.28083
706,g-2087791I,39.33914
707,V12754137r,48.139477
708,T-1769393Z,32.49081
709,I-1117298r,72.40651
710,P90790412Q,32.27298
711,c-7401486X,33.24056
712,A21009715v,36.31125
713,P94512494l,34.699028
714,J58385372M,53.06959
715,z11059333N,49.7562
716,r13675823Y,44.190586
717,O23192334Z,33.650925
718,h72663703o,69.452286
719,u39852752H,51.614174
720,y75359172F,72.86331
721,C63413357V,50.25908
722,H-2218041i,53.9232
723,S12392431C,52.437977
724,c10273234z,75.02255
725,J-1675931Y,31.78921
726,r15326588O,32.05839
727,O22786315O,56.24894
728,M14034762V,33.12692
729,d-8796835F,63.630825
730,L-1687146I,33.5275
731,a16452738i,33.95171
732,e-1589877h,32.314896
733,w-2228220D,47.33871
734,v73920097R,34.120636
735,B10305712m,43.290154
736,w17382345v,46.35229
737,h86663077a,31.457592
738,d-1261412O,31.88868
739,N-3542587r,45.901237
740,q-1127410X,47.15074
741,m-1248909g,34.316654
742,Z-1350437Z,31.151329
743,G-7472388v,48.52618
744,K18306053r,36.05201
745,t-1389922J,48.545803
746,w13418612e,36.759888
747,d11818528X,32.64555
748,v-4393931r,41.641224
749,a15124892o,53.05376
750,l36861534V,50.762196
751,P21146775A,38.186375
752,B-8559176x,49.779663
753,s-1233979x,43.760864
754,N50018445X,42.17136
755,E-4220998I,50.570602
756,D28621238x,58.178635
757,r35592741h,30.063599
758,S-2179649Y,42.48458
759,H-1135423y,50.146713
760,J97849965O,31.065567
761,W21048865S,32.232056
762,P10539613v,48.13886
763,r-6268123s,36.253155
764,A19893808P,31.922203
765,c12458019K,43.470177
766,r16624906R,67.953896
767,s-1701601T,45.244896
768,l-2073691v,61.679092
769,s-1227750Q,34.761078
770,n-1588210t,73.91985
771,L-1950271Y,60.677956
772,L45819441T,47.70004
773,X-1102199i,49.467598
774,Y42307620l,48.59658
775,c11493622d,29.563591
776,s74743326E,33.735226
777,v92032706J,34.301678
778,l40017744S,54.781693
779,F-1561156R,32.742622
780,F-3458483b,52.493362
781,Q-1573004E,50.759224
782,I18762244f,43.51239
783,x61993910W,49.785107
784,f70384121H,67.87942
785,b34607341j,49.9231
786,s-1544537d,39.459858
787,T-2651777L,35.30611
788,Z-1690934p,50.734676
789,z-1383208d,51.118683
790,F-2091675H,34.161816
791,p-1026598C,73.52137
792,C-5229733d,31.85249
793,t-5863497D,34.356808
794,F14893199L,33.282833
795,E-9761828K,40.7689
796,r-3626163O,44.452335
797,D-1975819d,47.362408
798,n86645963R,50.508934
799,I-6482386t,33.601154
800,z11959313t,49.821445
801,d19312186N,62.75145
802,C11156821F,44.62057
803,z19283639B,51.026497
804,D-1246382Y,32.178288
805,D14445025c,34.259914
806,j25666218Y,51.045322
807,E13352088w,31.816195
808,v44596260Q,44.609905
809,c13976633o,47.69733
810,z16908407t,34.32523
811,P15083043i,38.731865
812,p-7727399o,46.866356
813,W-8604738y,40.720325
814,J22352968u,43.50802
815,G-7187279a,47.61001
816,G-1183057B,45.209297
817,E-1556800P,40.044056
818,N16753727A,46.26788
819,U-1860241R,36.498276
820,f92515288W,31.774221
821,q-1553054h,41.851643
822,d-1766392g,35.03164
823,z-9268730t,43.849117
824,D-1137759f,31.538868
825,Z22301798u,46.846794
826,d-2160500k,31.337505
827,f80644426f,37.95473
828,u-1069219e,72.72164
829,V70870192k,74.17812
830,M15122410M,48.76863
831,F19935095V,40.051327
832,m92437987f,36.037514
833,o-1720442f,49.16882
834,Q-2043032T,39.9988
835,k15728070F,33.963627
836,i-4298300y,48.329193
837,C-1549576C,52.28503
838,w-8322851c,44.899353
839,H-2195683Y,33.837864
840,b20675115I,46.500423
841,w14143210k,31.85373
842,s17437438h,34.132843
843,Q12901548n,48.29017
844,I23394317X,34.326027
845,S10630331i,35.12133
846,N15239751A,56.554737
847,t11482362Y,34.738083
848,c-1160907G,30.719645
849,t17520024W,57.30494
850,G16918724z,46.72126
851,T-5518367u,39.224503
852,K-2047259i,31.778019
853,e-2894582l,34.854885
854,u-6774973B,34.0811
855,U-1642617V,37.126328
856,Z19453799u,31.142395
857,V80070476Q,47.68393
858,L-1777501Y,33.07053
859,M-3275863u,47.784634
860,D-1131723O,43.259438
861,s12292138c,32.55609
862,d-2073713s,33.881207
863,U-1440005A,31.320913
864,D17587481H,55.670376
865,O-2089662s,41.72547
866,l-1247871G,73.831665
867,Q48397067x,38.415077
868,G18135304s,40.960106
869,s52741082h,54.978134
870,R37055375H,59.778786
871,t-1505206e,72.019714
872,m-7073285w,30.308462
873,e-1963742G,34.416203
874,R41701461o,33.59826
875,P-1572930P,69.094315
876,m19821763X,45.734226
877,D-5247175p,49.286198
878,I-4491426o,30.129478
879,c-5796367L,64.43364
880,D68676642F,31.923803
881,B87840170Y,49.92027
882,E-1074824O,31.430227
883,L-2105285X,51.308353
884,A18722372t,47.536774
885,t-1655791x,48.095818
886,R26898137t,45.42326
887,x73165245L,69.76923
888,H10144433Z,43.617756
889,o-9460824A,35.309185
890,h-4056890V,34.696575
891,S71464104w,74.94585
892,Q-3414660J,46.12699
893,D24219627Y,70.604485
894,g-5564720R,44.28892
895,g-5327257o,30.499208
896,z16965935R,48.669632
897,W-5886969z,49.58909
898,Y61608416T,32.064236
899,H-5193657t,33.78995
900,r14798824O,51.588245
901,q-1329704C,43.416336
902,W-1162613s,38.71254
903,q-1451412w,57.382187
904,s10825773A,46.81318
905,W-1322764B,30.973024
906,C-1335407d,39.424744
907,Q-1854633d,45.74465
908,j12033464t,34.17077
909,x-1653730E,38.324085
910,L-1459492G,33.83061
911,A18622071d,58.093224
912,G12921056E,45.9273
913,M17587699m,32.63423
914,H11201074S,32.722263
915,g61901962A,73.24113
916,W-3006427Z,53.47216
917,f21354327c,36.47546
918,L-1435343R,32.759377
919,K-9089430v,52.09587
920,u89834900L,40.803913
921,K-6843993d,34.98187
922,g19283665q,32.094265
923,V21055732W,33.406403
924,L20847256I,43.31292
925,K20941520F,37.320957
926,s-1506268E,31.978798
927,s13306845G,56.007824
928,t14118502r,43.71489
929,l-1141377S,35.51864
930,M63300651V,45.614388
931,O-1741687v,51.51162
932,J-1064181u,34.164425
933,R-2596313V,32.893894
934,i-1845254S,35.649258
935,k-1573458g,75.097694
936,Q-7165920T,44.93193
937,K-7253573V,68.48725
938,u-2045579o,47.443645
939,o-7174642t,44.335896
940,W38257448E,42.18663
941,R15758843A,50.972157
942,j-1164533d,40.578495
943,K19878738u,41.55286
944,F-1356357a,45.1751
945,s18773736B,47.178738
946,f-2195380L,32.3235
947,I16894729d,49.997963
948,x73377373J,41.57068
949,A13983367R,50.799465
950,W90386436H,33.356438
951,d-1208731e,33.14237
952,E10689597V,49.65632
953,e18535481H,68.37093
954,C-1401160X,44.448154
955,D-8642892Q,50.223343
956,y-9607515v,71.01766
957,R39433396K,34.21119
958,o14616394R,46.783497
959,r21184266q,43.342636
960,f21015538f,36.17192
961,j18832518Q,40.12025
962,m73046504n,75.52176
963,B-9791729R,49.80378
964,k13021113b,47.796997
965,G89078774t,45.36739
966,r-1060256J,52.01678
967,F-1410401k,48.118073
968,S12437589H,41.11604
969,o-1474795Y,51.419323
970,v-6600194g,32.147827
971,e69316734g,48.256596
972,F14045081A,32.554165
973,p-2049920L,35.123936
974,Z-4995244V,35.443176
975,Q28342682U,46.584286
976,i20932780E,45.926277
977,T-3474422m,34.10105
978,A-2251370Z,48.072765
979,a13118905A,37.884926
980,o-5518912i,38.432194
981,r13112137S,50.831352
982,L-1172603K,38.58307
983,F15323913w,37.94864
984,b41466140L,32.739388
985,H-1126826u,48.197197
986,S80787227y,35.535347
987,g62902770K,75.96484
988,c21339742C,35.829857
989,o-8291576Q,74.14647
990,A16177147F,33.12443
991,V-7911017W,52.493713
992,I12484436u,37.97311
993,u-2985309w,47.74207
994,i-7675958l,48.741554
995,Z-2003336X,37.1142
996,R17548053Q,47.968384
997,T-3625019V,54.62554
998,G58798171H,31.713924
999,X14239142s,46.94676
1000,W-1663352r,33.009617
1001,R10053414j,34.740643
1002,E11344405c,33.784466
1003,E41968356d,56.145
1004,n-1774226C,43.380116
1005,v50135109z,31.398058
1006,v-2502243y,33.746
1007,k81607148Q,56.010372
1008,y-1159389K,47.37382
1009,Z-9551096Z,33.691895
1010,z73398830W,32.24723
1011,S-2180379V,34.134987
1012,Y19585916c,40.732323
1013,F-1772949E,38.53949
1014,N-4056140F,32.60086
1015,M20457206h,52.86633
1016,f-2054559Z,33.591137
1017,C-1947908i,33.268368
1018,Z-1004053E,32.349815
1019,E16706596Y,35.533745
1020,L-1236498L,31.954098
1021,M21428480q,68.067955
1022,g34212838O,75.27541
1023,i77678921h,46.20663
1024,s-1993335Q,43.890728
1025,w-1217800P,72.01572
1026,m-4445026W,31.416456
1027,w-1020644b,75.848785
1028,r-1878207s,47.589638
1029,S-2803516o,45.896645
1030,g31689700a,68.053185
1031,L-3828198a,72.18111
1032,p-2023967W,45.973743
1033,R93384932a,34.73836
1034,o27482006r,71.845
1035,o69465373z,51.31931
1036,x-2214584G,31.039871
1037,F16677411t,45.73244
1038,B-8278342d,47.533222
1039,w14795716n,46.60827
1040,q21418139n,47.25409
1041,k58875945X,39.558395
1042,E10178721V,71.75079
1043,y54427123h,38.76102
1044,N-1116467g,39.543495
1045,L-1098436W,32.581993
1046,K15170901N,50.318756
1047,y-1741356P,44.67777
1048,z-4349749h,34.111614
1049,y-6566782r,33.451862
1050,T-1729770o,53.23076
1051,V-8483576f,41.071083
1052,a39440404D,32.639553
1053,i51467047f,43.030743
1054,H-1369852D,73.20552
1055,M-9668613M,32.38468
1056,q-1575533Y,47.22809
1057,F-2122411I,31.34907
1058,c-2121060b,36.573486
1059,H22186863I,41.076633
1060,d68073068W,47.093117
1061,D-7066589I,49.62998
1062,o11670334e,66.20167
1063,G-1501141U,52.542152
1064,x-6577654c,34.886364
1065,i22784686n,33.662716
1066,Q36627447o,51.40667
1067,a-2079734V,55.708694
1068,P17112537M,52.40179
1069,I-2947258i,37.093636
1070,d-7058280z,76.512825
1071,V-6734711I,31.693438
1072,x16070571D,34.399555
1073,A99628604w,32.86586
1074,c-3559292Z,32.262173
1075,D-1642232Y,33.107235
1076,H-2177827U,59.982758
1077,t43860654e,45.30912
1078,O-2567044a,34.31691
1079,y-1456481W,46.22315
1080,F-1311521c,30.964314
1081,W-1338521Q,30.770962
1082,S21521405j,48.51522
1083,j-9167677u,53.89373
1084,E22045798o,45.255077
1085,i15589390k,32.596966
1086,l15227760Q,51.934856
1087,h-6100646F,50.388905
1088,L-2071083z,51.92472
1089,Q-1583701a,33.297832
1090,J-1966936j,62.229797
1091,p97277001v,40.670597
1092,A-1959167m,33.702583
1093,b-1232634R,35.667797
1094,C14499779J,33.1849
1095,A-1900042l,31.668125
1096,D47614465T,32.344402
1097,i55328849i,72.39526
1098,L14501903b,45.74498
1099,U61603538T,34.770733
1100,Z-2000448T,31.948635
1101,V21733186R,71.09581
1102,x38176093d,31.388783
1103,S-1872523D,34.23399
1104,U-9105241l,41.93844
1105,d-1067020V,51.223
1106,T13652201h,32.45353
1107,v83124010d,52.426453
1108,c-5320374q,43.476833
1109,P-5877829p,42.258297
1110,K-4097683X,32.826435
1111,X73607704q,51.396698
1112,d-1645612W,47.627354
1113,M-1949772G,44.105846
1114,d-9809366C,56.233425
1115,v-9133799l,70.95702
1116,j16496771g,49.92812
1117,p98074932P,69.62101
1118,G-1685085q,36.793682
1119,L-1156474z,51.246315
1120,n-7286817N,32.120193
1121,G17139758L,31.304775
1122,M-4377864u,52.78985
1123,u10884582m,34.168755
1124,c-1819930r,52.47388
1125,I-1016418u,45.47284
1126,f-8509753a,38.568466
1127,f10270915c,34.936787
1128,I50788104J,34.27232
1129,m-1618295c,67.982666
1130,Q11656086H,35.325752
1131,b17685766M,40.970634
1132,n19528133d,36.19229
1133,I-2222955D,65.44751
1134,U14909638n,48.7991
1135,P19518709T,31.315994
1136,V-1888434u,49.055733
1137,R53321573r,30.558882
1138,U12552466o,41.133137
1139,m21172670I,32.764404
1140,d71004474f,38.489044
1141,n-6003131B,32.42499
1142,w45505269O,34.51472
1143,v22456431E,39.326473
1144,D20302252H,33.85599
1145,E-1789284H,46.148785
1146,F21755120L,34.449253
1147,y-2096513h,32.8559
1148,X38064587K,71.09088
1149,j36860430F,48.706024
1150,M-1188559U,32.379868
1151,M-1057522s,59.63573
1152,r-1767573M,32.952724
1153,N-2165696F,31.864098
1154,l-9002229j,58.41473
1155,Q13796033u,47.974728
1156,E20487110v,44.888275
1157,U54007251T,47.133026
1158,k-1001578G,53.36634
1159,m-1316228Q,35.430897
1160,x38424933t,53.22868
1161,z42577454j,53.446304
1162,h15726678G,45.071423
1163,J-2100035F,31.567493
1164,u12997600r,49.294216
1165,G-1444514J,49.551235
1166,r80685540h,49.27314
1167,i-2886682y,32.789513
1168,U12958604d,31.210587
1169,Q-2285147y,31.526432
1170,d-5980296U,44.650204
1171,r-5694899j,50.726307
1172,y-3995748C,48.50335
1173,H-1417790G,50.85967
1174,h66072023A,53.980865
1175,m-8844106y,31.915369
1176,V-3922506p,71.78231
1177,P-7215920v,34.567387
1178,v-1334609Q,74.91317
1179,y-2901647k,34.871372
1180,P41449662O,37.41057
1181,N17048798L,48.01367
1182,o-3239309x,71.989044
1183,f-4517248O,70.55883
1184,i20236215k,71.59481
1185,c-1909821W,48.754158
1186,S-1058341S,44.43912
1187,Q27397166k,32.432228
1188,m-2234361C,74.703
1189,y-1310937L,37.202934
1190,h11115340f,33.67453
1191,C-2095125S,43.26542
1192,H-1012725h,46.41947
1193,A-5953942h,31.25345
1194,b-5677746H,32.328377
1195,b-2174248s,32.889004
1196,J-1468143m,48.448875
1197,d-1590616X,32.846844
1198,A-2010794j,33.529366
1199,S10025512H,47.307728
1200,F62717656N,67.45938
1201,Q-9015964Z,57.67417
1202,e60616052a,31.34542
1203,O-1094429s,34.752754
1204,G-3730407g,66.534355
1205,W17258092O,52.09669
1206,Z-8046890f,31.121174
1207,C-1531638p,64.04947
1208,b16129006F,53.112206
1209,O20309077v,33.369583
1210,G-1150322W,73.65991
1211,v-1523714V,38.685436
1212,m41491349u,33.320747
1213,N-2592617I,49.97679
1214,b15147844G,41.512806
1215,J-1119809Z,33.09974
1216,x13343580w,34.262047
1217,R88463379h,45.032967
1218,w-5790710u,53.6214
1219,w20420004F,32.86541
1220,J-9110297t,39.335495
1221,E15110775p,46.682724
1222,j-8044553g,32.38126
1223,F16044963S,31.765335
1224,R91630921n,32.454468
1225,A-3836077o,32.543278
1226,s-2202835E,44.35656
1227,O-2222377Z,34.970978
1228,s22484554J,39.17051
1229,D88984934M,70.287125
1230,X19668940Y,30.313858
1231,D-1808806N,35.18943
1232,j18586699W,46.61965
1233,H69080088J,41.139027
1234,n12252517h,31.184383
1235,i-1711813H,70.33521
1236,S10721675C,49.007664
1237,X-2170601O,30.786142
1238,i97387429H,49.212006
1239,d22008645E,49.443935
1240,n-3455333h,47.9122
1241,B23739608U,31.459553
1242,F-4198459W,40.629562
1243,B-4284440k,48.30829
1244,G-6904316x,32.475376
1245,N-1095600Q,32.356567
1246,D-1029823M,56.3787
1247,d88026009F,47.24957
1248,P-1279354K,46.829506
1249,S-2221955m,50.13475
1250,U-2195930Q,36.79893
1251,L-1748371J,30.707775
1252,C-1092574s,53.619343
1253,x78336615j,68.72815
1254,d22823530e,44.052444
1255,f-5599112Q,74.76776
1256,w12601279c,41.86934
1257,O12999011Q,33.82545
1258,D39654489v,37.832176
1259,G-1119002U,33.822094
1260,x-1331259n,50.615284
1261,x-1366202T,45.539997
1262,e22337672e,45.00831
1263,h11974580h,48.381844
1264,b-1924728p,45.586567
1265,t-8150753L,45.87176
1266,i16707497b,45.83417
1267,d40778348c,32.186325
1268,x-6745292f,33.818123
1269,Q-1197469B,30.896332
1270,y19339480p,32.173138
1271,E-1574398v,35.216534
1272,F-1541843G,44.81423
1273,J-1898029b,35.237827
1274,i-2267354V,44.864502
1275,z-1706928C,75.13526
1276,h16480906Q,31.983171
1277,b20875811r,55.888878
1278,g57509660G,54.413284
1279,i10233407e,44.30038
1280,b-1633141B,44.019455
1281,r44343477P,73.54553
1282,X10140728m,36.75161
1283,u60678999S,36.150024
1284,X66836862t,46.084892
1285,r-2626717n,66.40798
1286,l25990633r,43.595665
1287,o16159959N,72.58968
1288,P-8366433v,46.777225
1289,D-1742188V,33.021717
1290,q15163647k,32.41519
1291,m-1582917S,35.13745
1292,u15259964F,50.166836
1293,M-1332669r,31.526354
1294,F-2033009p,37.574955
1295,w15256527O,47.491886
1296,v-2214221g,50.062206
1297,u-8176531i,55.703857
1298,B44546931a,42.230244
1299,C-3329059P,37.138004
1300,z48466812V,45.760975
1301,N91717170a,51.15261
1302,h10197943p,32.188698
1303,f-1804114y,33.742573
1304,y65839268d,58.399223
1305,s20690018N,39.00188
1306,Z16406378j,49.474907
1307,r-6401544e,31.312408
1308,A74571031O,31.254517
1309,I-1022513U,44.263123
1310,M-1528828l,38.011196
1311,w-5395626f,50.051598
1312,U15424894F,36.818214
1313,X-1521550g,55.88624
1314,b-1756095Y,39.885365
1315,S-4942615g,47.780777
1316,a-1170299l,46.43393
1317,W20898223q,46.781258
1318,u13780325P,32.94323
1319,q35175771e,46.286884
1320,K81291347a,71.79014
1321,G15557106t,59.70547
1322,y21647488o,52.43754
1323,O-2154805o,54.477673
1324,D11355691L,67.11273
1325,t60412618s,29.79657
1326,M15952724y,50.295277
1327,k24372320c,54.290077
1328,J16859061o,42.36049
1329,M11049568F,31.279469
1330,z11525648X,50.22125
1331,u41400760y,67.62751
1332,V48666541E,43.375374
1333,t-1305628R,44.60252
1334,F20989471t,31.687508
1335,G19704655v,41.791
1336,h-1084715m,75.83352
1337,X13848460A,46.07434
1338,H49107775b,34.603733
1339,V-2127600s,37.595806
1340,M-2221760V,34.350555
1341,w-2040826k,36.307426
1342,Z15550264W,69.00769
1343,b-8727186X,69.08163
1344,g10838650B,34.531517
1345,d19534101p,74.99419
1346,j-8523085j,33.778637
1347,Y-2259833v,73.06975
1348,y40076926G,36.580585
1349,m21197630U,70.38171
1350,J-9282883I,70.46993
1351,y-1593526o,48.8032
1352,R18548797W,72.45907
1353,M78454309n,30.376373
1354,H-1952766q,46.95729
1355,O-7318695N,46.994183
1356,Z-1382353b,38.32373
1357,y33995729F,73.28232
1358,A-1931285c,29.835613
1359,b-4023465w,76.91783
1360,y28247093F,67.658104
1361,b-2099867z,33.315735
1362,N13810671e,46.794563
1363,M-1208274P,37.392696
1364,E94491875l,55.41683
1365,p14296940a,34.81688
1366,e-5032325d,32.098568
1367,f-2278644T,43.572155
1368,N-1449511Y,60.63366
1369,R72473068v,47.012794
1370,K15727484r,49.15095
1371,x-1530392k,48.461304
1372,m14032324U,43.18938
1373,o-3502321X,32.96576
1374,M-9369867A,47.062607
1375,e-1176726O,52.12487
1376,F-8971471f,31.872456
1377,w16001206y,32.03437
1378,T24942626H,42.09585
1379,Z-9250568A,36.184437
1380,R20946794F,52.377296
1381,y-3708778R,37.47488
1382,d-7461024X,41.307327
1383,r-1304067j,32.732746
1384,M-1727464u,31.828024
1385,X12353297J,31.485777
1386,t19399198h,69.38117
1387,a-2221133L,53.05751
1388,n15134422D,73.72931
1389,e-1041702t,71.18531
1390,Q-1108615n,50.35197
1391,r67742622z,45.50861
1392,Y77630283F,49.410797
1393,I-8740476B,47.947678
1394,f12831819d,42.296074
1395,y-2117938S,33.179707
1396,X13552128w,45.05533
1397,m89915934c,31.02494
1398,u12923191V,32.83803
1399,g64040787A,33.71241
1400,B53432209f,32.115833
1401,Q18090458O,38.650608
1402,v11087640F,65.53875
1403,s-1018199L,49.22487
1404,T15119744o,38.25177
1405,E-2442116D,30.069935
1406,l93168360C,54.067196
1407,Q52925581k,51.628075
1408,k11571129f,42.101845
1409,K18787489X,51.35669
1410,i17417440r,35.494648
1411,H-9338402M,49.73675
1412,e18576123A,71.77558
1413,L93331905w,51.281086
1414,G18790404J,32.20559
1415,H19063606t,49.0517
1416,A82111385d,33.585976
1417,l96257336G,40.492107
1418,c31569057o,40.616474
1419,O-2283230Y,34.72489
1420,B-6097000E,31.659168
1421,s-8423183t,72.249695
1422,p16672632d,35.932037
1423,J11698270E,46.227894
1424,G22172959I,32.148746
1425,I21909345v,32.974606
1426,m13540768n,44.400196
1427,N-2047707A,49.080555
1428,q15473703P,32.17992
1429,b28091206k,33.19825
1430,d-2060227V,43.38882
1431,D23788223O,39.956657
1432,k-1947529W,58.547318
1433,b-9715554C,35.947674
1434,q-5271670J,46.61545
1435,u12970971g,45.446224
1436,n-6059768d,60.520153
1437,L22185348p,40.939423
1438,O13331241u,37.015274
1439,L16141312N,34.692314
1440,W38697890A,30.975899
1441,u-2120761B,53.640327
1442,c66464279D,67.852165
1443,e13156563s,37.058956
1444,T42238184L,50.298626
1445,D-1336442P,33.078293
1446,E-5337479S,43.719032
1447,X95516419Q,33.007153
1448,H-2355000g,31.252674
1449,s-5301854b,68.984245
1450,u-2940182P,34.07896
1451,G-9079594w,47.080566
1452,Z20606311h,39.84011
1453,t-6922750L,42.068542
1454,Q21391218q,34.075382
1455,u12977186v,51.69788
1456,h13802624r,45.855698
1457,I-1538597J,39.8174
1458,X11025811v,41.50431
1459,S-2294339s,69.36893
1460,g13118176m,48.387806
1461,S21991071M,70.41417
1462,L10129399Y,54.276165
1463,Z13161380J,32.325085
1464,J-6052671x,43.022606
1465,e11908473n,42.60108
1466,U-1131662Q,31.947485
1467,h54754410l,34.03811
1468,w68053735H,61.94059
1469,A31292617m,62.63217
1470,V45384349q,45.93837
1471,k-1087627k,30.12017
1472,Q-1888317Y,38.923244
1473,Q-1456372K,34.48848
1474,S19572879o,30.072872
1475,j13287780b,32.487083
1476,X-1427883w,41.569756
1477,t12980699M,33.682713
1478,K-9081250O,32.039562
1479,N96928373A,62.669632
1480,r19349335d,65.29151
1481,D22898421E,36.183235
1482,A-7650056Z,41.41313
1483,B-1572757V,32.649094
1484,D11212854M,31.88398
1485,H62136397R,46.87104
1486,n16749457W,31.741468
1487,c-1411220k,31.611187
1488,g-8950344h,49.560318
1489,g28465883Y,30.788717
1490,O-3470382z,40.09973
1491,C-7657933N,49.773857
1492,n-7904705X,34.59548
1493,E-2002668A,47.392097
1494,E15401424s,56.08961
1495,Q-1558145Z,72.724
1496,j-1474542d,36.600647
1497,J51767292L,45.02315
1498,M-1609284U,40.502583
1499,O32025767k,50.413975
1500,G-4998152Q,31.318043
1501,d-8684879I,45.931206
1502,c11762411c,34.00798
1503,T61957630q,48.582275
1504,e-1246632H,31.702513
1505,a96529450S,41.7049
1506,m-1300432a,32.561436
1507,H-1232380o,55.442554
1508,U18643336W,46.521015
1509,E42133174Y,46.791706
1510,N-2173692X,46.309414
1511,O15299283X,34.539864
1512,Y11513708Q,40.878628
1513,I14426935X,30.207268
1514,L-1576450f,31.316006
1515,L-2066997I,41.717686
1516,g20198311v,48.23019
1517,K-1750463c,32.85165
1518,A48818516t,31.645632
1519,b12102660G,76.81163
1520,C-1721101w,72.554405
1521,L21617225g,48.03032
1522,y18690561q,29.848377
1523,Z-2044688T,47.979744
1524,w-3300489y,53.344498
1525,o43682483i,44.36804
1526,p-2177230P,48.137474
1527,d53962651M,47.43438
1528,h-1079130a,45.75793
1529,d-1063018h,46.65369
1530,e12616376T,63.077087
1531,g-1997866b,40.73366
1532,p22351271i,51.1805
1533,s18801959g,52.79779
1534,W-1146682H,51.06851
1535,Y21010106g,32.685425
1536,N-1493098E,56.152042
1537,a16757494v,42.564125
1538,L31333870v,40.980793
1539,O-1116026m,33.04981
1540,a-1327017v,74.26667
1541,J32481265i,32.051933
1542,u-7465003y,48.84238
1543,C-8282660x,74.949776
1544,z-1194508g,43.801224
1545,M17131119X,35.326633
1546,A16430015I,40.223003
1547,T21560454W,43.1443
1548,d-5044364D,31.359898
1549,A-4567027H,31.973705
1550,l14731037p,31.715406
1551,j21216284z,33.481068
1552,w18663416B,46.915867
1553,N-1067764s,48.479935
1554,a96316507d,43.820866
1555,Q-2863519f,45.235245
1556,R-4412745F,68.30894
1557,w-2100178z,46.05248
1558,N12140841u,49.049862
1559,v-2217035r,40.86361
1560,j22675199u,32.028297
1561,Y-2060323c,39.294872
1562,H-9946877t,47.162853
1563,V24408620j,58.6152
1564,D20994817l,30.530998
1565,d-5916656a,45.606106
1566,r-1888435Q,48.164845
1567,s-8011046y,59.57794
1568,l-8338225N,35.06647
1569,N17651234L,63.323578
1570,t-1660621F,30.810314
1571,A-4300243z,31.897213
1572,Q-1531120K,70.37784
1573,b14483061v,29.539001
1574,p13496102g,39.68111
1575,f-3084055k,47.04914
1576,b-7106735g,41.07364
1577,B-5818398M,50.47277
1578,k-6134216L,51.823414
1579,q-8983496T,31.629007
1580,c21152319h,31.20472
1581,u22537189s,44.73501
1582,S42898575W,33.417976
1583,u-2592615u,44.954292
1584,U15973213W,39.926838
1585,a-1555492o,32.876186
1586,T17948597q,51.27387
1587,K-1596430s,50.617382
1588,t70806905i,52.492653
1589,Q-8927952V,37.17958
1590,b-1699417D,33.286522
1591,l-1528999M,38.20053
1592,i-1075099j,40.794556
1593,g-1203735u,52.373962
1594,N68342352J,64.263565
1595,t19684834s,69.16343
1596,P28960538x,30.735481
1597,k70721764Z,46.066063
1598,P35164993z,67.39875
1599,v-1084231t,42.82859
1600,P62164543W,40.198967
1601,V-1603027E,71.99027
1602,r-3939023a,35.456654
1603,D-1008484E,34.226574
1604,Q-2192864t,34.008846
1605,m97152459x,45.80846
1606,n79502261g,76.12701
1607,I-1934004o,43.04055
1608,w-8712305w,59.636353
1609,t19569988O,52.292282
1610,w-6743502g,54.2779
1611,e17224457A,31.138699
1612,N25093826z,41.209854
1613,k53344668C,31.382244
1614,c18837598f,32.93256
1615,o55235221X,32.769684
1616,x83440968Q,40.18414
1617,a-2129214S,37.414574
1618,O16337155M,45.47436
1619,o-1780770o,48.23239
1620,O-1008421H,50.664505
1621,a33313854t,31.451172
1622,M45840955U,56.97247
1623,q22701640I,46.03799
1624,J-2186173q,39.106026
1625,T-9875021z,66.16116
1626,B16049866X,42.78054
1627,i19613288g,50.110336
1628,P52156891U,46.268505
1629,q-1768505B,53.20167
1630,D-1867285e,37.127895
1631,l-2092770w,40.11425
1632,Z15287780R,48.55766
1633,O18471034K,51.754276
1634,p20324322c,47.238846
1635,p-8776685b,48.871437
1636,A12568692Y,34.137356
1637,G62487539y,31.69941
1638,y-7520188c,53.895958
1639,U-3855489z,43.048607
1640,j47796305l,33.5842
1641,S-6466908z,49.60315
1642,Z-2472770a,34.385025
1643,B72054123K,32.76658
1644,P63973841b,33.265545
1645,u95341442h,32.914948
1646,z-5617263I,51.060898
1647,s-1440522g,32.371254
1648,w-1350890O,54.853813
1649,b-1785569X,30.985666
1650,N17581389s,59.169952
1651,Z-6866329f,39.22434
1652,a15357539b,44.18594
1653,y-1168665M,34.00424
1654,X-1688379x,41.062088
1655,Z73577393A,69.39511
1656,r-1140095D,47.911922
1657,k17692433t,32.576824
1658,a-2924229p,37.49798
1659,I19994305a,52.15384
1660,R16189354h,42.76135
1661,f61508634I,30.893642
1662,S56454866u,53.764748
1663,u-2542978x,39.08736
1664,p36642359W,31.099115
1665,z22596029p,65.35689
1666,j13578702a,45.966953
1667,m41690051B,34.0577
1668,C-1990447o,63.226467
1669,f17350995b,45.489796
1670,A13722291q,56.811035
1671,c-8926473m,35.0823
1672,R-1161362E,55.15548
1673,E-1829228V,46.0956
1674,f-1106666p,40.311
1675,B-1345652W,32.27611
1676,e-3819053E,51.426605
1677,H12470081t,71.75382
1678,Y-2395041a,32.030575
1679,m-6830168g,49.70726
1680,n-1048550o,43.742897
1681,p-4620845q,30.940598
1682,z-1908457z,74.29636
1683,r11798594T,32.457962
1684,n-1078109P,34.649517
1685,g21697086z,32.623875
1686,i-3020701S,49.25703
1687,B51449710T,38.42191
1688,G17715538Y,33.38737
1689,d85134463X,32.93776
1690,M-5383474I,42.15031
1691,u79799419P,43.365334
1692,h20236568A,69.18028
1693,Q-1319605b,34.07024
1694,d-1613102p,36.90156
1695,S41123157J,31.828096
1696,x-1174319N,44.41016
1697,V-1073406u,45.320972
1698,V21379614l,48.63396
1699,z-3747302L,48.400566
1700,y-2605432W,39.87535
1701,g21854185N,34.36337
1702,E98324062j,50.397774
1703,Y97110971P,72.68807
1704,X-3262812p,41.819435
1705,H-1041344f,36.43448
1706,c96102825T,30.541208
1707,F-8514150E,70.01096
1708,n14484446O,40.482277
1709,H72378904z,31.321619
1710,U22558213g,32.286182
1711,e-1228757n,45.253975
1712,L-5297416Y,47.08866
1713,j-1143057h,32.797314
1714,p-1573015A,31.034233
1715,U65662686c,32.537537
1716,S-4820484y,32.564743
1717,g-8761468w,63.860638
1718,Q-6145494U,33.66363
1719,W10708735F,33.33851
1720,p17325319H,52.87849
1721,F-1510394i,74.70324
1722,C58608888l,31.799377
1723,d-2253716j,44.37707
1724,x16453445a,72.350815
1725,I66859230r,34.042305
1726,P64817824s,76.21915
1727,g-1168593W,62.551987
1728,K22750834U,70.99047
1729,I-1242074u,51.961803
1730,F-3351081U,31.154648
1731,F19447831G,32.935997
1732,s-1689007T,32.192024
1733,k10152000a,42.8199
1734,H12617664T,40.337395
1735,t-1064471J,31.887777
1736,t-2197360k,44.477833
1737,d-2120346e,34.248623
1738,O-1642949k,32.13196
1739,Q53125922U,30.610996
1740,b-1461155F,45.02359
1741,Q39818857Y,32.82397
1742,r62935175h,32.038662
1743,W-6196754y,70.33871
1744,g28641563H,71.52741
1745,j11454423o,43.420605
1746,F-1666827W,51.67276
1747,A21999620z,50.025154
1748,c75592211G,63.20714
1749,L-1701832m,68.227066
1750,k18648690J,33.26564
1751,h-1998519z,40.39736
1752,U-6212557F,47.457485
1753,e-2299648Q,68.48981
1754,s-1139976I,43.08906
1755,K-8425830Q,31.350254
1756,d22617101F,36.364464
1757,D17905231R,59.96355
1758,u13437959M,48.253857
1759,Z-9946732U,54.556717
1760,K-1500884y,32.971485
1761,c-1794298L,65.49826
1762,M15430763y,43.74817
1763,p-1264204Z,41.286366
1764,U38299579G,32.113983
1765,c56523775V,34.9983
1766,T38194151F,35.765476
1767,m-3164602H,33.27772
1768,n-1234064Z,41.46685
1769,J-1156067J,35.032803
1770,f-6526492s,70.35815
1771,l20269048F,33.719193
1772,B98720158A,47.699062
1773,C-1753458i,33.95046
1774,x21906434L,50.993835
1775,i13542684X,49.387676
1776,u-1875498r,44.908085
1777,X-1879171y,34.544144
1778,t21801419s,49.329338
1779,L21647080y,33.594887
1780,h-5026863d,69.65472
1781,T-3466939S,41.182194
1782,m12662735d,33.89098
1783,t14261623o,46.163708
1784,n-2837743g,45.49572
1785,e-2154304r,34.42462
1786,N-2215366J,30.32015
1787,g-1249815S,59.8886
1788,W-1215684E,31.82084
1789,A11461567u,50.19104
1790,L16034991d,61.921745
1791,L-2243568g,73.32779
1792,U11614816e,49.297558
1793,h-1908691k,46.01355
1794,S-1588766I,37.416138
1795,i-2841469F,38.71209
1796,W12646665I,39.65738
1797,P-2897916I,53.372456
1798,q-1324803Z,46.227863
1799,A-6570552N,31.287777
1800,k-1985555z,31.480316
1801,k13077603E,43.661243
1802,H11107062P,32.844078
1803,u-1297698j,50.089127
1804,R23868498r,42.141407
1805,N-1923238g,42.278427
1806,j-5320438l,34.383923
1807,M-2097633r,73.52792
1808,U52942046Z,30.44448
1809,h17001071q,51.491043
1810,R-1401948E,49.326614
1811,a-1738562d,32.86491
1812,R99178335S,32.59462
1813,t19157053h,34.433228
1814,m14758475e,48.349953
1815,B47711748K,46.326473
1816,t21884438y,39.047527
1817,V-2454314m,73.373695
1818,Z16920973J,33.353626
1819,b13641719v,50.495953
1820,X13092819Q,52.6971
1821,r14567820H,41.19123
1822,a-1296325M,45.339634
1823,v-1923353f,44.878036
1824,P75675086P,34.628174
1825,H-2270745P,38.80674
1826,f-1963567i,49.93609
1827,C19974180h,66.54619
1828,N39559408S,31.30893
1829,P-2227204H,37.640812
1830,P13046593R,39.637573
1831,k72805610d,34.52488
1832,N62378224U,45.702538
1833,j-1956405K,74.749146
1834,Q-1492285k,66.34347
1835,Q11700844e,56.290558
1836,E-3042252G,65.564476
1837,q-1872858i,74.49306
1838,h-1344515n,48.60321
1839,O-1383891v,35.66085
1840,X64881130C,35.23222
1841,U19015371f,47.310387
1842,R69641219y,50.850388
1843,M25907433E,34.655197
1844,e-1885009l,61.83251
1845,l-1959164P,40.81195
1846,M-9949056v,34.08032
1847,d-1302572o,58.34425
1848,f22323125D,43.714848
1849,d10736354y,36.937756
1850,w-3928877y,43.953606
1851,y13551852I,30.503616
1852,p-6352560b,31.669874
1853,i11460685H,31.052677
1854,r44913393N,36.56972
1855,S11426971O,31.527004
1856,S-4753227p,39.69204
1857,Z-9466103x,60.817062
1858,b86382646t,43.888554
1859,T-2294411h,39.124172
1860,f13646346O,32.299892
1861,k12390619M,32.883007
1862,p14822094P,30.375275
1863,y-1267351r,32.919907
1864,r10427446Y,31.539577
1865,Z21148829c,32.631207
1866,w15143755c,59.489582
1867,s12154911r,30.204924
1868,y76872086H,51.598476
1869,p15590759i,43.066303
1870,z-5067315t,50.618233
1871,H-1836769I,31.67401
1872,f-1042769Z,52.93805
1873,f16491132W,36.13347
1874,P21644134e,50.63014
1875,o67669876a,52.46369
1876,h-1414900L,46.103703
1877,i90456198D,45.12076
1878,B-2199737O,57.826546
1879,s-5157124G,65.466606
1880,q20798329k,49.03615
1881,b-6366825A,35.311703
1882,o16666830b,44.0326
1883,H-2456490y,33.745697
1884,p17190552s,33.397404
1885,P22575706L,44.338493
1886,W19937723D,46.75177
1887,p-2060516y,35.58984
1888,x13966371T,40.330044
1889,q53435481a,30.690441
1890,Q-9617805F,50.69487
1891,N59793228F,38.43571
1892,M52666824i,51.80163
1893,T-1009246T,30.92929
1894,f11409987C,48.69708
1895,z-7198780T,33.278606
1896,k-7951300Y,30.091385
1897,J19069143E,45.708298
1898,b-1597167C,47.433636
1899,O-6623929C,34.11803
1900,F14674957T,41.460804
1901,t82296586k,37.066067
1902,Z20453566w,45.511116
1903,J82279855E,36.47072
1904,n-2242535p,37.879353
1905,V-1226312R,32.371014
1906,v-7763664j,31.605946
1907,h-1179139J,32.90872
1908,x13640960Q,56.33946
1909,Z-2276652N,41.77414
1910,F-2165841B,32.06477
1911,x-1331529J,44.91501
1912,J-2127749D,50.611843
